[
    {
        "id": 1,
        "title": "",
        "completed": false,
        "createdAt": null,
        "updatedAt": null
    },
    {
        "id": 2,
        "title": "",
        "completed": false,
        "createdAt": null,
        "updatedAt": null
    },
    {
        "id": 3,
        "title": "",
        "completed": false,
        "createdAt": null,
        "updatedAt": null
    },
    {
        "id": 4,
        "title": "",
        "completed": false,
        "createdAt": null,
        "updatedAt": null
    },
    {
        "id": 5,
        "title": "ALGO",
        "completed": true,
        "createdAt": "2024-03-18T11:21:18+0100",
        "updatedAt": "2024-03-18T11:21:18+0100"
    }
]